{
  "backup_info": {
    "timestamp": "20250612_013530",
    "created_at": "2025-06-12T01:35:30.074415",
    "database_path": "/Users/drascom/Documents/Projects/yedek/public/admin/../../db/database.sqlite",
    "backup_directory": "/tmp/backup_20250612_013530_8nvk040v",
    "total_tables": 18,
    "total_records": 69
  },
  "tables": [
    {
      "table_name": "users",
      "record_count": 4,
      "status": "success",
      "file_name": "users.json"
    },
    {
      "table_name": "surgeries",
      "record_count": 0,
      "status": "success",
      "file_name": "surgeries.json"
    },
    {
      "table_name": "appointments",
      "record_count": 0,
      "status": "success",
      "file_name": "appointments.json"
    },
    {
      "table_name": "patients",
      "record_count": 0,
      "status": "success",
      "file_name": "patients.json"
    },
    {
      "table_name": "photo_album_types",
      "record_count": 15,
      "status": "success",
      "file_name": "photo_album_types.json"
    },
    {
      "table_name": "patient_photos",
      "record_count": 0,
      "status": "success",
      "file_name": "patient_photos.json"
    },
    {
      "table_name": "agencies",
      "record_count": 3,
      "status": "success",
      "file_name": "agencies.json"
    },
    {
      "table_name": "invitations",
      "record_count": 0,
      "status": "success",
      "file_name": "invitations.json"
    },
    {
      "table_name": "interview_invitations",
      "record_count": 1,
      "status": "success",
      "file_name": "interview_invitations.json"
    },
    {
      "table_name": "rooms",
      "record_count": 5,
      "status": "success",
      "file_name": "rooms.json"
    },
    {
      "table_name": "room_reservations",
      "record_count": 0,
      "status": "success",
      "file_name": "room_reservations.json"
    },
    {
      "table_name": "technicians",
      "record_count": 14,
      "status": "success",
      "file_name": "technicians.json"
    },
    {
      "table_name": "technician_availability",
      "record_count": 0,
      "status": "success",
      "file_name": "technician_availability.json"
    },
    {
      "table_name": "surgery_technicians",
      "record_count": 0,
      "status": "success",
      "file_name": "surgery_technicians.json"
    },
    {
      "table_name": "procedures",
      "record_count": 22,
      "status": "success",
      "file_name": "procedures.json"
    },
    {
      "table_name": "settings",
      "record_count": 3,
      "status": "success",
      "file_name": "settings.json"
    },
    {
      "table_name": "job_candidates",
      "record_count": 2,
      "status": "success",
      "file_name": "job_candidates.json"
    },
    {
      "table_name": "candidate_notes",
      "record_count": 0,
      "status": "success",
      "file_name": "candidate_notes.json"
    }
  ],
  "export_summary": {
    "successful_tables": 18,
    "failed_tables": 0,
    "total_exported_records": 69
  }
}