{
  "table_name": "candidate_notes",
  "record_count": 0,
  "exported_at": "2025-06-12T01:35:30.074261",
  "schema": {
    "columns": [
      {
        "name": "id",
        "type": "INTEGER",
        "not_null": false,
        "default_value": null,
        "primary_key": true
      },
      {
        "name": "candidate_id",
        "type": "INTEGER",
        "not_null": true,
        "default_value": null,
        "primary_key": false
      },
      {
        "name": "note_text",
        "type": "TEXT",
        "not_null": true,
        "default_value": null,
        "primary_key": false
      },
      {
        "name": "note_type",
        "type": "TEXT",
        "not_null": false,
        "default_value": "'General'",
        "primary_key": false
      },
      {
        "name": "is_important",
        "type": "INTEGER",
        "not_null": false,
        "default_value": "0",
        "primary_key": false
      },
      {
        "name": "created_at",
        "type": "TEXT",
        "not_null": false,
        "default_value": "datetime('now')",
        "primary_key": false
      },
      {
        "name": "created_by",
        "type": "INTEGER",
        "not_null": true,
        "default_value": null,
        "primary_key": false
      }
    ]
  },
  "data": []
}