{
  "table_name": "invitations",
  "record_count": 0,
  "exported_at": "2025-06-12T01:35:30.072057",
  "schema": {
    "columns": [
      {
        "name": "id",
        "type": "INTEGER",
        "not_null": false,
        "default_value": null,
        "primary_key": true
      },
      {
        "name": "email",
        "type": "TEXT",
        "not_null": true,
        "default_value": null,
        "primary_key": false
      },
      {
        "name": "role",
        "type": "TEXT",
        "not_null": true,
        "default_value": null,
        "primary_key": false
      },
      {
        "name": "agency_id",
        "type": "INTEGER",
        "not_null": false,
        "default_value": null,
        "primary_key": false
      },
      {
        "name": "token",
        "type": "TEXT",
        "not_null": true,
        "default_value": null,
        "primary_key": false
      },
      {
        "name": "status",
        "type": "TEXT",
        "not_null": false,
        "default_value": "'pending'",
        "primary_key": false
      },
      {
        "name": "created_at",
        "type": "TEXT",
        "not_null": false,
        "default_value": "datetime('now')",
        "primary_key": false
      },
      {
        "name": "used_at",
        "type": "TEXT",
        "not_null": false,
        "default_value": null,
        "primary_key": false
      }
    ]
  },
  "data": []
}