{
  "table_name": "procedures",
  "record_count": 22,
  "exported_at": "2025-06-12T01:35:30.073416",
  "schema": {
    "columns": [
      {
        "name": "id",
        "type": "INTEGER",
        "not_null": false,
        "default_value": null,
        "primary_key": true
      },
      {
        "name": "name",
        "type": "TEXT",
        "not_null": true,
        "default_value": null,
        "primary_key": false
      },
      {
        "name": "is_active",
        "type": "INTEGER",
        "not_null": false,
        "default_value": "1",
        "primary_key": false
      },
      {
        "name": "created_at",
        "type": "TEXT",
        "not_null": false,
        "default_value": "datetime('now')",
        "primary_key": false
      },
      {
        "name": "updated_at",
        "type": "TEXT",
        "not_null": false,
        "default_value": "datetime('now')",
        "primary_key": false
      }
    ]
  },
  "data": [
    {
      "id": 1,
      "name": "Consultation",
      "is_active": 1,
      "created_at": "2025-06-11 21:24:07",
      "updated_at": "2025-06-11 21:24:07"
    },
    {
      "id": 2,
      "name": "Botox",
      "is_active": 1,
      "created_at": "2025-06-11 21:24:07",
      "updated_at": "2025-06-11 21:24:07"
    },
    {
      "id": 3,
      "name": "Dermal Fillers",
      "is_active": 1,
      "created_at": "2025-06-11 21:24:07",
      "updated_at": "2025-06-11 21:24:07"
    },
    {
      "id": 4,
      "name": "PRP (Platelet-Rich Plasma)",
      "is_active": 1,
      "created_at": "2025-06-11 21:24:07",
      "updated_at": "2025-06-11 21:24:07"
    },
    {
      "id": 5,
      "name": "Microneedling",
      "is_active": 1,
      "created_at": "2025-06-11 21:24:07",
      "updated_at": "2025-06-11 21:24:07"
    },
    {
      "id": 6,
      "name": "HydraFacial",
      "is_active": 1,
      "created_at": "2025-06-11 21:24:07",
      "updated_at": "2025-06-11 21:24:07"
    },
    {
      "id": 7,
      "name": "Chemical Peel",
      "is_active": 1,
      "created_at": "2025-06-11 21:24:07",
      "updated_at": "2025-06-11 21:24:07"
    },
    {
      "id": 8,
      "name": "Laser Hair Removal",
      "is_active": 1,
      "created_at": "2025-06-11 21:24:07",
      "updated_at": "2025-06-11 21:24:07"
    },
    {
      "id": 9,
      "name": "Skin Rejuvenation",
      "is_active": 1,
      "created_at": "2025-06-11 21:24:07",
      "updated_at": "2025-06-11 21:24:07"
    },
    {
      "id": 10,
      "name": "Carbon Laser Peel",
      "is_active": 1,
      "created_at": "2025-06-11 21:24:07",
      "updated_at": "2025-06-11 21:24:07"
    },
    {
      "id": 11,
      "name": "Mesotherapy",
      "is_active": 1,
      "created_at": "2025-06-11 21:24:07",
      "updated_at": "2025-06-11 21:24:07"
    },
    {
      "id": 12,
      "name": "Facial Cleansing",
      "is_active": 1,
      "created_at": "2025-06-11 21:24:07",
      "updated_at": "2025-06-11 21:24:07"
    },
    {
      "id": 13,
      "name": "Radiofrequency Skin Tightening",
      "is_active": 1,
      "created_at": "2025-06-11 21:24:07",
      "updated_at": "2025-06-11 21:24:07"
    },
    {
      "id": 14,
      "name": "Cryolipolysis (Fat Freezing)",
      "is_active": 1,
      "created_at": "2025-06-11 21:24:07",
      "updated_at": "2025-06-11 21:24:07"
    },
    {
      "id": 15,
      "name": "Ultherapy",
      "is_active": 1,
      "created_at": "2025-06-11 21:24:07",
      "updated_at": "2025-06-11 21:24:07"
    },
    {
      "id": 16,
      "name": "LED Light Therapy",
      "is_active": 1,
      "created_at": "2025-06-11 21:24:07",
      "updated_at": "2025-06-11 21:24:07"
    },
    {
      "id": 17,
      "name": "OxyGeneo Facial",
      "is_active": 1,
      "created_at": "2025-06-11 21:24:07",
      "updated_at": "2025-06-11 21:24:07"
    },
    {
      "id": 18,
      "name": "Hollywood Peel",
      "is_active": 1,
      "created_at": "2025-06-11 21:24:07",
      "updated_at": "2025-06-11 21:24:07"
    },
    {
      "id": 19,
      "name": "Aqualyx Fat Dissolving",
      "is_active": 1,
      "created_at": "2025-06-11 21:24:07",
      "updated_at": "2025-06-11 21:24:07"
    },
    {
      "id": 20,
      "name": "Carboxytherapy",
      "is_active": 1,
      "created_at": "2025-06-11 21:24:07",
      "updated_at": "2025-06-11 21:24:07"
    },
    {
      "id": 21,
      "name": "Lip Augmentation",
      "is_active": 1,
      "created_at": "2025-06-11 21:24:07",
      "updated_at": "2025-06-11 21:24:07"
    },
    {
      "id": 22,
      "name": "Jawline Contouring",
      "is_active": 1,
      "created_at": "2025-06-11 21:24:07",
      "updated_at": "2025-06-11 21:24:07"
    }
  ]
}