{
  "table_name": "surgeries",
  "record_count": 0,
  "exported_at": "2025-06-12T01:35:30.070901",
  "schema": {
    "columns": [
      {
        "name": "id",
        "type": "INTEGER",
        "not_null": false,
        "default_value": null,
        "primary_key": true
      },
      {
        "name": "date",
        "type": "TEXT",
        "not_null": false,
        "default_value": null,
        "primary_key": false
      },
      {
        "name": "notes",
        "type": "TEXT",
        "not_null": false,
        "default_value": null,
        "primary_key": false
      },
      {
        "name": "status",
        "type": "TEXT",
        "not_null": false,
        "default_value": null,
        "primary_key": false
      },
      {
        "name": "graft_count",
        "type": "INTEGER",
        "not_null": false,
        "default_value": null,
        "primary_key": false
      },
      {
        "name": "room_id",
        "type": "INTEGER",
        "not_null": false,
        "default_value": null,
        "primary_key": false
      },
      {
        "name": "created_at",
        "type": "TEXT",
        "not_null": false,
        "default_value": null,
        "primary_key": false
      },
      {
        "name": "updated_at",
        "type": "TEXT",
        "not_null": false,
        "default_value": null,
        "primary_key": false
      },
      {
        "name": "patient_id",
        "type": "INTEGER",
        "not_null": false,
        "default_value": null,
        "primary_key": false
      },
      {
        "name": "is_recorded",
        "type": "BOOLEAN",
        "not_null": false,
        "default_value": "FALSE",
        "primary_key": false
      }
    ]
  },
  "data": []
}