{
  "table_name": "technician_availability",
  "record_count": 0,
  "exported_at": "2025-06-12T01:35:30.073096",
  "schema": {
    "columns": [
      {
        "name": "id",
        "type": "INTEGER",
        "not_null": false,
        "default_value": null,
        "primary_key": true
      },
      {
        "name": "tech_id",
        "type": "INTEGER",
        "not_null": true,
        "default_value": null,
        "primary_key": false
      },
      {
        "name": "available_on",
        "type": "DATE",
        "not_null": true,
        "default_value": null,
        "primary_key": false
      },
      {
        "name": "period",
        "type": "TEXT",
        "not_null": true,
        "default_value": null,
        "primary_key": false
      },
      {
        "name": "created_at",
        "type": "DATETIME",
        "not_null": false,
        "default_value": "CURRENT_TIMESTAMP",
        "primary_key": false
      }
    ]
  },
  "data": []
}