{
  "table_name": "agencies",
  "record_count": 3,
  "exported_at": "2025-06-12T01:41:45.938762",
  "schema": {
    "columns": [
      {
        "name": "id",
        "type": "INTEGER",
        "not_null": false,
        "default_value": null,
        "primary_key": true
      },
      {
        "name": "name",
        "type": "TEXT",
        "not_null": true,
        "default_value": null,
        "primary_key": false
      },
      {
        "name": "created_at",
        "type": "TEXT",
        "not_null": false,
        "default_value": null,
        "primary_key": false
      },
      {
        "name": "updated_at",
        "type": "TEXT",
        "not_null": false,
        "default_value": null,
        "primary_key": false
      }
    ]
  },
  "data": [
    {
      "id": 1,
      "name": "Hospital",
      "created_at": "2025-06-11 21:24:07",
      "updated_at": "2025-06-11 21:24:07"
    },
    {
      "id": 2,
      "name": "Want Hair",
      "created_at": "2025-06-11 21:24:07",
      "updated_at": "2025-06-11 21:24:07"
    },
    {
      "id": 3,
      "name": "Other Agency",
      "created_at": "2025-06-11 21:24:07",
      "updated_at": "2025-06-11 21:24:07"
    }
  ]
}