{
  "table_name": "appointments",
  "record_count": 0,
  "exported_at": "2025-06-12T01:41:45.937889",
  "schema": {
    "columns": [
      {
        "name": "id",
        "type": "INTEGER",
        "not_null": false,
        "default_value": null,
        "primary_key": true
      },
      {
        "name": "room_id",
        "type": "INTEGER",
        "not_null": true,
        "default_value": null,
        "primary_key": false
      },
      {
        "name": "patient_id",
        "type": "INTEGER",
        "not_null": true,
        "default_value": null,
        "primary_key": false
      },
      {
        "name": "appointment_date",
        "type": "DATE",
        "not_null": true,
        "default_value": null,
        "primary_key": false
      },
      {
        "name": "start_time",
        "type": "TEXT",
        "not_null": true,
        "default_value": null,
        "primary_key": false
      },
      {
        "name": "end_time",
        "type": "TEXT",
        "not_null": true,
        "default_value": null,
        "primary_key": false
      },
      {
        "name": "procedure_id",
        "type": "INTEGER",
        "not_null": false,
        "default_value": null,
        "primary_key": false
      },
      {
        "name": "notes",
        "type": "TEXT",
        "not_null": false,
        "default_value": null,
        "primary_key": false
      },
      {
        "name": "created_at",
        "type": "TEXT",
        "not_null": false,
        "default_value": "datetime('now')",
        "primary_key": false
      },
      {
        "name": "updated_at",
        "type": "TEXT",
        "not_null": false,
        "default_value": "datetime('now')",
        "primary_key": false
      }
    ]
  },
  "data": []
}