{
  "table_name": "interview_invitations",
  "record_count": 1,
  "exported_at": "2025-06-12T01:41:45.939135",
  "schema": {
    "columns": [
      {
        "name": "id",
        "type": "INTEGER",
        "not_null": false,
        "default_value": null,
        "primary_key": true
      },
      {
        "name": "candidate_id",
        "type": "INTEGER",
        "not_null": true,
        "default_value": null,
        "primary_key": false
      },
      {
        "name": "interview_date",
        "type": "DATE",
        "not_null": true,
        "default_value": null,
        "primary_key": false
      },
      {
        "name": "interview_time",
        "type": "TIME",
        "not_null": true,
        "default_value": null,
        "primary_key": false
      },
      {
        "name": "meeting_platform",
        "type": "TEXT",
        "not_null": true,
        "default_value": null,
        "primary_key": false
      },
      {
        "name": "meeting_link",
        "type": "TEXT",
        "not_null": true,
        "default_value": null,
        "primary_key": false
      },
      {
        "name": "interview_duration",
        "type": "TEXT",
        "not_null": true,
        "default_value": "'20 minutes'",
        "primary_key": false
      },
      {
        "name": "video_upload_link",
        "type": "TEXT",
        "not_null": false,
        "default_value": null,
        "primary_key": false
      },
      {
        "name": "sent_at",
        "type": "TEXT",
        "not_null": false,
        "default_value": "datetime('now')",
        "primary_key": false
      },
      {
        "name": "sent_by",
        "type": "INTEGER",
        "not_null": true,
        "default_value": null,
        "primary_key": false
      },
      {
        "name": "email_status",
        "type": "TEXT",
        "not_null": false,
        "default_value": "'sent'",
        "primary_key": false
      },
      {
        "name": "status",
        "type": "TEXT",
        "not_null": false,
        "default_value": "'draft'",
        "primary_key": false
      },
      {
        "name": "notes",
        "type": "TEXT",
        "not_null": false,
        "default_value": null,
        "primary_key": false
      }
    ]
  },
  "data": [
    {
      "id": 2,
      "candidate_id": 3,
      "interview_date": "2025-06-14",
      "interview_time": "10:10",
      "meeting_platform": "Google Meet",
      "meeting_link": "https://meet.google.com/pmr-ogxo-sdy",
      "interview_duration": "20 minutes",
      "video_upload_link": "https://cloud.drascom.uk/s/t2IPD2Z03t9D7Jq",
      "sent_at": null,
      "sent_by": 1,
      "email_status": "draft",
      "status": "draft",
      "notes": ""
    }
  ]
}