{
  "table_name": "job_candidates",
  "record_count": 2,
  "exported_at": "2025-06-12T01:41:45.941035",
  "schema": {
    "columns": [
      {
        "name": "id",
        "type": "INTEGER",
        "not_null": false,
        "default_value": null,
        "primary_key": true
      },
      {
        "name": "name",
        "type": "TEXT",
        "not_null": true,
        "default_value": null,
        "primary_key": false
      },
      {
        "name": "email",
        "type": "TEXT",
        "not_null": true,
        "default_value": null,
        "primary_key": false
      },
      {
        "name": "phone",
        "type": "TEXT",
        "not_null": false,
        "default_value": null,
        "primary_key": false
      },
      {
        "name": "position_applied",
        "type": "TEXT",
        "not_null": false,
        "default_value": null,
        "primary_key": false
      },
      {
        "name": "experience_level",
        "type": "TEXT",
        "not_null": false,
        "default_value": null,
        "primary_key": false
      },
      {
        "name": "current_company",
        "type": "TEXT",
        "not_null": false,
        "default_value": null,
        "primary_key": false
      },
      {
        "name": "linkedin_profile",
        "type": "TEXT",
        "not_null": false,
        "default_value": null,
        "primary_key": false
      },
      {
        "name": "resume_file",
        "type": "TEXT",
        "not_null": false,
        "default_value": null,
        "primary_key": false
      },
      {
        "name": "cover_letter_file",
        "type": "TEXT",
        "not_null": false,
        "default_value": null,
        "primary_key": false
      },
      {
        "name": "application_date",
        "type": "DATE",
        "not_null": true,
        "default_value": null,
        "primary_key": false
      },
      {
        "name": "status",
        "type": "TEXT",
        "not_null": false,
        "default_value": "'Applied'",
        "primary_key": false
      },
      {
        "name": "source",
        "type": "TEXT",
        "not_null": false,
        "default_value": null,
        "primary_key": false
      },
      {
        "name": "salary_expectation",
        "type": "TEXT",
        "not_null": false,
        "default_value": null,
        "primary_key": false
      },
      {
        "name": "availability_date",
        "type": "DATE",
        "not_null": false,
        "default_value": null,
        "primary_key": false
      },
      {
        "name": "location",
        "type": "TEXT",
        "not_null": false,
        "default_value": null,
        "primary_key": false
      },
      {
        "name": "willing_to_relocate",
        "type": "INTEGER",
        "not_null": false,
        "default_value": "0",
        "primary_key": false
      },
      {
        "name": "created_at",
        "type": "TEXT",
        "not_null": false,
        "default_value": "datetime('now')",
        "primary_key": false
      },
      {
        "name": "updated_at",
        "type": "TEXT",
        "not_null": false,
        "default_value": "datetime('now')",
        "primary_key": false
      },
      {
        "name": "created_by",
        "type": "INTEGER",
        "not_null": true,
        "default_value": null,
        "primary_key": false
      }
    ]
  },
  "data": [
    {
      "id": 2,
      "name": "csadcsada",
      "email": "drayhancolak@gmail.com",
      "phone": "07385624999",
      "position_applied": "csdsad",
      "experience_level": "Entry Level",
      "current_company": "",
      "linkedin_profile": "",
      "resume_file": null,
      "cover_letter_file": null,
      "application_date": "2025-06-11",
      "status": "Applied",
      "source": "LinkedIn",
      "salary_expectation": "",
      "availability_date": null,
      "location": "",
      "willing_to_relocate": 0,
      "created_at": "2025-06-11 22:19:45",
      "updated_at": "2025-06-11 22:47:53",
      "created_by": 1
    },
    {
      "id": 3,
      "name": "Havva Ergen Colak",
      "email": "orangespringuk@gmail.com",
      "phone": "02030077533",
      "position_applied": "csdsad",
      "experience_level": "Junior",
      "current_company": "Orange Spring Ltd.",
      "linkedin_profile": "",
      "resume_file": null,
      "cover_letter_file": null,
      "application_date": "2025-06-11",
      "status": "Applied",
      "source": "LinkedIn",
      "salary_expectation": "",
      "availability_date": null,
      "location": "",
      "willing_to_relocate": 0,
      "created_at": "2025-06-11 22:44:07",
      "updated_at": "2025-06-11 22:44:07",
      "created_by": 1
    }
  ]
}