{
  "table_name": "patient_photos",
  "record_count": 0,
  "exported_at": "2025-06-12T01:41:45.938583",
  "schema": {
    "columns": [
      {
        "name": "id",
        "type": "INTEGER",
        "not_null": false,
        "default_value": null,
        "primary_key": true
      },
      {
        "name": "patient_id",
        "type": "INTEGER",
        "not_null": false,
        "default_value": null,
        "primary_key": false
      },
      {
        "name": "photo_album_type_id",
        "type": "INTEGER",
        "not_null": false,
        "default_value": null,
        "primary_key": false
      },
      {
        "name": "file_path",
        "type": "TEXT",
        "not_null": false,
        "default_value": null,
        "primary_key": false
      },
      {
        "name": "created_at",
        "type": "TEXT",
        "not_null": false,
        "default_value": "datetime('now')",
        "primary_key": false
      },
      {
        "name": "updated_at",
        "type": "TEXT",
        "not_null": false,
        "default_value": "datetime('now')",
        "primary_key": false
      }
    ]
  },
  "data": []
}