{
  "table_name": "photo_album_types",
  "record_count": 15,
  "exported_at": "2025-06-12T01:41:45.938269",
  "schema": {
    "columns": [
      {
        "name": "id",
        "type": "INTEGER",
        "not_null": false,
        "default_value": null,
        "primary_key": true
      },
      {
        "name": "name",
        "type": "TEXT",
        "not_null": false,
        "default_value": null,
        "primary_key": false
      },
      {
        "name": "created_at",
        "type": "TEXT",
        "not_null": false,
        "default_value": null,
        "primary_key": false
      },
      {
        "name": "updated_at",
        "type": "TEXT",
        "not_null": false,
        "default_value": null,
        "primary_key": false
      }
    ]
  },
  "data": [
    {
      "id": 1,
      "name": "Pre-Surgery",
      "created_at": "2025-06-11 21:24:07",
      "updated_at": "2025-06-11 21:24:07"
    },
    {
      "id": 2,
      "name": "Post-Surgery",
      "created_at": "2025-06-11 21:24:07",
      "updated_at": "2025-06-11 21:24:07"
    },
    {
      "id": 3,
      "name": "Follow-up",
      "created_at": "2025-06-11 21:24:07",
      "updated_at": "2025-06-11 21:24:07"
    },
    {
      "id": 4,
      "name": "1. Month",
      "created_at": "2025-06-11 21:24:07",
      "updated_at": "2025-06-11 21:24:07"
    },
    {
      "id": 5,
      "name": "2. Month",
      "created_at": "2025-06-11 21:24:07",
      "updated_at": "2025-06-11 21:24:07"
    },
    {
      "id": 6,
      "name": "3. Month",
      "created_at": "2025-06-11 21:24:07",
      "updated_at": "2025-06-11 21:24:07"
    },
    {
      "id": 7,
      "name": "4. Month",
      "created_at": "2025-06-11 21:24:07",
      "updated_at": "2025-06-11 21:24:07"
    },
    {
      "id": 8,
      "name": "5. Month",
      "created_at": "2025-06-11 21:24:07",
      "updated_at": "2025-06-11 21:24:07"
    },
    {
      "id": 9,
      "name": "6. Month",
      "created_at": "2025-06-11 21:24:07",
      "updated_at": "2025-06-11 21:24:07"
    },
    {
      "id": 10,
      "name": "7. Month",
      "created_at": "2025-06-11 21:24:07",
      "updated_at": "2025-06-11 21:24:07"
    },
    {
      "id": 11,
      "name": "8. Month",
      "created_at": "2025-06-11 21:24:07",
      "updated_at": "2025-06-11 21:24:07"
    },
    {
      "id": 12,
      "name": "9. Month",
      "created_at": "2025-06-11 21:24:07",
      "updated_at": "2025-06-11 21:24:07"
    },
    {
      "id": 13,
      "name": "10. Month",
      "created_at": "2025-06-11 21:24:07",
      "updated_at": "2025-06-11 21:24:07"
    },
    {
      "id": 14,
      "name": "11. Month",
      "created_at": "2025-06-11 21:24:07",
      "updated_at": "2025-06-11 21:24:07"
    },
    {
      "id": 15,
      "name": "12. Month",
      "created_at": "2025-06-11 21:24:07",
      "updated_at": "2025-06-11 21:24:07"
    }
  ]
}