{
  "table_name": "rooms",
  "record_count": 5,
  "exported_at": "2025-06-12T01:41:45.939358",
  "schema": {
    "columns": [
      {
        "name": "id",
        "type": "INTEGER",
        "not_null": false,
        "default_value": null,
        "primary_key": true
      },
      {
        "name": "name",
        "type": "TEXT",
        "not_null": true,
        "default_value": null,
        "primary_key": false
      },
      {
        "name": "types",
        "type": "TEXT",
        "not_null": false,
        "default_value": null,
        "primary_key": false
      },
      {
        "name": "is_active",
        "type": "INTEGER",
        "not_null": false,
        "default_value": "1",
        "primary_key": false
      },
      {
        "name": "created_at",
        "type": "TEXT",
        "not_null": false,
        "default_value": "datetime('now')",
        "primary_key": false
      },
      {
        "name": "updated_at",
        "type": "TEXT",
        "not_null": false,
        "default_value": "datetime('now')",
        "primary_key": false
      }
    ]
  },
  "data": [
    {
      "id": 1,
      "name": "Surgery 1",
      "types": "surgery",
      "is_active": 1,
      "created_at": "2025-06-11 21:24:07",
      "updated_at": "2025-06-11 21:24:07"
    },
    {
      "id": 2,
      "name": "Surgery 2",
      "types": "surgery",
      "is_active": 0,
      "created_at": "2025-06-11 21:24:07",
      "updated_at": "2025-06-11 21:24:07"
    },
    {
      "id": 3,
      "name": "Surgery 3",
      "types": "surgery",
      "is_active": 0,
      "created_at": "2025-06-11 21:24:07",
      "updated_at": "2025-06-11 21:24:07"
    },
    {
      "id": 4,
      "name": "Consultation",
      "types": "consultation",
      "is_active": 1,
      "created_at": "2025-06-11 21:24:07",
      "updated_at": "2025-06-11 21:24:07"
    },
    {
      "id": 5,
      "name": "Cosmetology",
      "types": "treatment",
      "is_active": 1,
      "created_at": "2025-06-11 21:24:07",
      "updated_at": "2025-06-11 21:24:07"
    }
  ]
}