{
  "table_name": "room_reservations",
  "record_count": 0,
  "exported_at": "2025-06-12T01:41:45.939554",
  "schema": {
    "columns": [
      {
        "name": "id",
        "type": "INTEGER",
        "not_null": false,
        "default_value": null,
        "primary_key": true
      },
      {
        "name": "room_id",
        "type": "INTEGER",
        "not_null": true,
        "default_value": null,
        "primary_key": false
      },
      {
        "name": "surgery_id",
        "type": "INTEGER",
        "not_null": true,
        "default_value": null,
        "primary_key": false
      },
      {
        "name": "reserved_date",
        "type": "DATE",
        "not_null": true,
        "default_value": null,
        "primary_key": false
      },
      {
        "name": "created_at",
        "type": "TEXT",
        "not_null": false,
        "default_value": "datetime('now')",
        "primary_key": false
      }
    ]
  },
  "data": []
}