{
  "table_name": "technicians",
  "record_count": 14,
  "exported_at": "2025-06-12T01:41:45.939762",
  "schema": {
    "columns": [
      {
        "name": "id",
        "type": "INTEGER",
        "not_null": false,
        "default_value": null,
        "primary_key": true
      },
      {
        "name": "name",
        "type": "TEXT",
        "not_null": true,
        "default_value": null,
        "primary_key": false
      },
      {
        "name": "specialty",
        "type": "TEXT",
        "not_null": false,
        "default_value": null,
        "primary_key": false
      },
      {
        "name": "phone",
        "type": "TEXT",
        "not_null": false,
        "default_value": null,
        "primary_key": false
      },
      {
        "name": "status",
        "type": "TEXT",
        "not_null": false,
        "default_value": null,
        "primary_key": false
      },
      {
        "name": "period",
        "type": "TEXT",
        "not_null": false,
        "default_value": null,
        "primary_key": false
      },
      {
        "name": "notes",
        "type": "TEXT",
        "not_null": false,
        "default_value": null,
        "primary_key": false
      },
      {
        "name": "is_active",
        "type": "INTEGER",
        "not_null": false,
        "default_value": "1",
        "primary_key": false
      },
      {
        "name": "created_at",
        "type": "DATETIME",
        "not_null": false,
        "default_value": "CURRENT_TIMESTAMP",
        "primary_key": false
      }
    ]
  },
  "data": [
    {
      "id": 1,
      "name": "Shefiu",
      "specialty": "senior",
      "phone": "07508400686",
      "status": "Self Employed",
      "period": "Full Time",
      "notes": "",
      "is_active": 1,
      "created_at": "2025-06-11 21:24:07"
    },
    {
      "id": 2,
      "name": "Phandira",
      "specialty": "senior",
      "phone": "07424722738",
      "status": "Sponsorship",
      "period": "Part Time",
      "notes": "8 Vaka alabiliyoruz per month",
      "is_active": 1,
      "created_at": "2025-06-11 21:24:07"
    },
    {
      "id": 3,
      "name": "Eniye",
      "specialty": "senior",
      "phone": "07405497373",
      "status": "Self Employed",
      "period": "Full Time",
      "notes": "Only implantations yapabiliyor, extractions helping",
      "is_active": 1,
      "created_at": "2025-06-11 21:24:07"
    },
    {
      "id": 4,
      "name": "Nava",
      "specialty": "senior",
      "phone": "07435525455",
      "status": "Sponsorship",
      "period": "Part Time",
      "notes": "Bizi Yari yolda birakti",
      "is_active": 0,
      "created_at": "2025-06-11 21:24:07"
    },
    {
      "id": 5,
      "name": "Chandu",
      "specialty": "senior",
      "phone": "07435525358",
      "status": "Sponsorship",
      "period": "Part Time",
      "notes": "Bizi Yari yolda birakti",
      "is_active": 0,
      "created_at": "2025-06-11 21:24:07"
    },
    {
      "id": 6,
      "name": "Maryam",
      "specialty": "senior",
      "phone": "07775541099",
      "status": "Self Employed",
      "period": "Full Time",
      "notes": "Manchestarda yasiyor Konaklama & Yol dahil 400-450 £",
      "is_active": 1,
      "created_at": "2025-06-11 21:24:07"
    },
    {
      "id": 7,
      "name": "Milena",
      "specialty": "senior",
      "phone": "07857273383",
      "status": "Self Employed",
      "period": "Full Time",
      "notes": "Fazla graft calismak istemiyor",
      "is_active": 1,
      "created_at": "2025-06-11 21:24:07"
    },
    {
      "id": 8,
      "name": "Mahsa – Zahra",
      "specialty": "senior",
      "phone": "07914262872",
      "status": "Self Employed",
      "period": "Full Time",
      "notes": "Tue-Friday",
      "is_active": 1,
      "created_at": "2025-06-11 21:24:07"
    },
    {
      "id": 9,
      "name": "Beverly",
      "specialty": "senior",
      "phone": "07775434126",
      "status": "Self Employed",
      "period": "Full Time",
      "notes": "Available all DHI Fue biliyor sadece",
      "is_active": 1,
      "created_at": "2025-06-11 21:24:07"
    },
    {
      "id": 10,
      "name": "Claduio",
      "specialty": "senior",
      "phone": "00393341817614",
      "status": "Self Employed",
      "period": "Part Time",
      "notes": "2 days available // Mon & Tuesday From September 3 days, Can work payroll from September",
      "is_active": 1,
      "created_at": "2025-06-11 21:24:07"
    },
    {
      "id": 11,
      "name": "Sahnaz",
      "specialty": "senior",
      "phone": "07404324662",
      "status": "Self Employed",
      "period": "Part Time",
      "notes": "Fully available",
      "is_active": 1,
      "created_at": "2025-06-11 21:24:07"
    },
    {
      "id": 12,
      "name": "Sravani",
      "specialty": "senior",
      "phone": "07508858512",
      "status": "Sponsorship",
      "period": "Part Time",
      "notes": "Fully available We can sponsor her",
      "is_active": 1,
      "created_at": "2025-06-11 21:24:07"
    },
    {
      "id": 13,
      "name": "Sagun Khadka",
      "specialty": "senior",
      "phone": "07380576839",
      "status": "Self Employed",
      "period": "Part Time",
      "notes": "Fully available Istemiyor Calismak",
      "is_active": 0,
      "created_at": "2025-06-11 21:24:07"
    },
    {
      "id": 14,
      "name": "Monisha",
      "specialty": "senior",
      "phone": "07436422647",
      "status": "Self Employed",
      "period": "Full Time",
      "notes": "Fully available Ekime gelecek sadece, 14 £ per hour",
      "is_active": 1,
      "created_at": "2025-06-11 21:24:07"
    }
  ]
}